# {"t_start": 1573493121.4565496, "env_id": "AntBulletEnv-v0"} 
r,l,t
449.452957,1000,2.618086
427.824532,1000,4.566718
481.435092,1000,7.210603
332.159514,1000,9.177562
442.691984,1000,11.174809
423.131785,1000,13.098361
317.024844,1000,15.11393
429.436034,1000,17.06088
449.073196,1000,19.062516
376.946088,1000,21.001496
398.63293,1000,23.00271
459.104762,1000,24.935252
465.791066,1000,26.916942
355.958112,1000,28.872856
467.760481,1000,30.862811
478.284269,1000,32.801556
369.359255,1000,34.835299
480.462129,1000,36.761113
507.40548,1000,38.747394
459.851579,1000,40.673321
344.10176,1000,42.669472
494.832476,1000,44.575068
442.014851,1000,46.554973
484.644784,1000,48.476532
516.881586,1000,50.451752
504.987526,1000,52.364664
489.774283,1000,54.344397
477.577105,1000,56.271111
494.718059,1000,58.251805
430.603079,1000,60.237272
471.337175,1000,62.235392
484.263231,1000,64.214793
525.039198,1000,66.203888
481.769479,1000,68.182748
520.526946,1000,70.393746
551.986279,1000,72.718492
534.637536,1000,74.708912
521.33724,1000,76.652217
505.909447,1000,78.883909
571.702604,1000,80.807037
522.983073,1000,82.844034
486.580918,1000,84.809419
533.986477,1000,86.756267
503.351617,1000,88.758188
528.485973,1000,90.699821
457.279595,1000,92.687394
471.912124,1000,94.621102
462.43245,1000,96.658305
516.95072,1000,98.588598
486.648751,1000,100.573232
468.436374,1000,102.483404
486.216339,1000,104.493033
494.068234,1000,106.500137
448.65842,1000,108.496264
508.789964,1000,110.441542
492.754249,1000,112.438412
553.036964,1000,114.325706
495.965006,1000,116.305888
485.137458,1000,118.233366
477.114946,1000,120.222127
391.722368,1000,122.164538
482.501269,1000,124.165448
482.425474,1000,126.08477
462.760038,1000,128.073207
399.327313,1000,130.020761
490.979496,1000,132.018665
495.914172,1000,133.969351
496.697433,1000,135.923466
493.279023,1000,137.834225
511.158914,1000,139.807909
454.982417,1000,141.737373
504.061094,1000,143.705131
471.151368,1000,145.65529
513.959871,1000,147.625806
492.128189,1000,149.546723
407.130574,1000,151.53988
493.256795,1000,153.443583
502.03241,1000,155.462939
428.107465,1000,157.425138
455.208248,1000,159.44802
471.551153,1000,161.390037
508.420077,1000,163.35073
500.988071,1000,165.313514
471.821531,1000,167.382984
487.372906,1000,169.338653
443.012047,1000,171.318432
455.8884,1000,173.324433
456.628762,1000,175.276602
450.386562,1000,177.297458
446.431949,1000,179.299875
453.081253,1000,181.325041
457.897136,1000,183.255314
469.790575,1000,185.248257
456.370701,1000,187.167506
478.805173,1000,189.22989
450.618741,1000,191.177266
457.687813,1000,193.181999
461.995282,1000,195.112737
459.309698,1000,197.113791
476.513053,1000,199.031592
524.762822,1000,201.051013
352.627003,1000,202.99387
459.43133,1000,205.026773
496.077916,1000,206.94934
447.986685,1000,208.956898
496.933861,1000,210.981681
508.278951,1000,212.978082
455.409887,1000,214.923921
485.525016,1000,216.935235
474.111304,1000,218.919637
477.819703,1000,221.022288
510.95108,1000,223.05725
500.382122,1000,225.228785
488.994129,1000,227.191576
488.456462,1000,229.250691
465.746725,1000,231.215891
493.914443,1000,233.231195
475.766995,1000,235.192858
467.187253,1000,237.21574
467.697886,1000,239.169882
475.938782,1000,241.226785
458.715052,1000,243.295713
431.071512,1000,245.356173
466.224548,1000,247.314547
74.69283,160,247.622586
489.459728,1000,249.67505
459.716394,1000,251.632519
390.233506,1000,253.681517
49.013104,110,253.903154
491.559217,1000,255.853091
502.264479,1000,257.850931
398.010679,1000,259.779119
470.222999,1000,261.798534
464.370767,1000,263.74427
462.876459,1000,265.747172
456.892409,1000,267.748021
464.78418,1000,269.915387
437.424207,1000,271.935984
483.268699,1000,273.971931
353.894926,1000,276.135336
461.363807,1000,278.193362
444.311976,1000,280.309948
490.428817,1000,282.231383
452.37677,1000,284.313348
480.202094,1000,286.337264
412.153266,1000,288.379203
463.260787,1000,290.373714
268.218637,1000,292.419292
458.013096,1000,294.382434
407.06308,1000,296.405541
360.840546,720,297.809796
479.832576,1000,299.829574
387.455234,1000,301.799735
472.442748,1000,303.825099
455.986385,1000,305.753747
458.510015,1000,307.792159
397.432571,1000,309.746592
485.849029,1000,311.758145
482.289329,1000,313.713808
464.562985,1000,315.724874
431.076374,1000,317.678991
478.16619,1000,319.693575
475.833002,1000,321.653048
497.123519,1000,323.679072
506.869383,1000,325.629567
171.043505,349,326.303249
470.663047,1000,328.366134
543.828412,1000,330.29709
460.828958,1000,332.327982
491.007651,1000,334.276743
479.558088,1000,336.317444
457.085712,1000,338.239832
484.527968,1000,340.255306
134.597861,277,340.792019
255.729378,518,341.7934
498.358973,1000,343.767707
503.615029,1000,345.698123
479.237116,1000,347.756845
478.702537,1000,349.731485
452.391176,1000,351.739887
464.907788,1000,353.750058
455.766373,1000,355.68353
519.328915,1000,357.689091
497.833961,1000,359.62631
487.297696,1000,361.612503
448.645125,1000,363.546421
476.388465,1000,365.57368
442.039235,1000,367.503041
499.159773,1000,369.505648
558.541375,1000,371.407129
494.293786,1000,373.425939
430.031095,1000,375.366755
528.109014,1000,377.381495
489.416988,1000,379.298834
402.957983,1000,381.31727
452.636127,1000,383.272761
517.382566,1000,385.280008
508.234504,1000,387.222859
583.577571,1000,389.195226
540.163082,1000,391.10182
519.048688,1000,393.113957
529.30452,1000,395.06656
538.815836,1000,397.067805
496.345463,1000,398.999584
493.618858,1000,401.005226
475.945426,1000,402.938556
477.616488,1000,405.012688
471.457688,1000,406.96823
436.33514,1000,409.111609
484.611575,1000,411.057237
486.16753,1000,413.112968
125.372217,237,413.573188
484.884491,1000,415.497588
518.942006,1000,417.507718
483.173418,1000,419.441643
492.507727,1000,421.43914
479.270029,1000,423.360678
484.185359,1000,425.368622
496.733482,1000,427.307043
464.028726,1000,429.325683
505.353689,1000,431.261202
562.288966,1000,433.249516
507.681563,1000,435.167233
516.458619,1000,437.165986
464.610778,1000,439.091084
468.470472,1000,441.099109
432.519504,1000,443.031437
516.912818,1000,445.029398
508.473847,1000,446.950097
484.411351,1000,448.938939
532.739029,1000,450.879351
491.513811,1000,452.871428
514.665305,1000,454.872187
500.521793,1000,456.808901
559.938145,1000,458.817843
470.895743,1000,460.736479
455.230203,1000,462.7528
498.996023,1000,464.683032
523.176451,1000,466.694065
477.118866,1000,468.629722
308.480464,1000,470.659839
407.135007,1000,472.593111
498.530552,1000,474.593044
519.673849,1000,476.525035
505.051229,1000,478.525883
482.496899,1000,480.446016
461.992328,1000,482.487607
531.546506,1000,484.417124
386.322035,1000,486.454953
446.954958,1000,488.397763
511.254951,1000,490.462225
472.621244,1000,492.404731
268.705682,517,493.483664
338.079481,1000,495.49343
413.655717,1000,497.497158
458.044444,1000,499.422769
360.809423,1000,501.347401
510.203661,1000,503.340738
523.198113,1000,505.276137
547.834287,1000,507.263263
392.762574,1000,509.200553
456.138643,1000,511.219789
439.986475,1000,513.169449
466.044075,1000,515.228151
439.676519,1000,517.183539
391.563344,1000,519.237967
450.441714,1000,521.177366
378.473169,1000,523.203534
427.529269,1000,525.143602
450.543812,1000,527.207925
439.190042,1000,529.228281
449.104613,1000,531.259893
433.959879,1000,533.249223
461.86023,1000,535.269212
438.734046,1000,537.223327
440.257209,1000,539.253665
463.950754,1000,541.187938
462.518672,1000,543.219574
463.606129,1000,545.153235
469.141072,1000,547.159956
472.137369,1000,549.110377
454.977875,1000,551.131704
457.934168,1000,553.081084
478.794451,1000,555.090074
551.041326,1000,556.998937
489.919828,1000,559.014193
465.40207,1000,560.99755
474.001856,1000,563.027845
472.052056,1000,564.980717
457.074012,1000,567.002856
465.639971,1000,568.950341
463.605011,1000,570.993751
395.007194,1000,572.973521
562.036924,1000,575.043578
502.96249,1000,576.973325
454.747701,1000,578.99909
525.304858,1000,580.909473
479.789971,1000,582.899324
504.509174,1000,584.827628
441.097379,1000,586.757234
331.394585,645,588.080988
502.914832,1000,589.99893
529.705287,1000,591.979139
451.273523,1000,593.937064
497.285766,1000,595.956029
279.597867,1000,597.943998
515.547692,1000,599.923704
486.212042,1000,601.870541
529.139778,1000,603.871364
498.54778,1000,605.791753
490.939752,1000,607.801465
520.684375,1000,609.736368
479.015271,1000,611.751868
384.961805,1000,613.740104
437.16955,1000,615.74147
489.607432,1000,617.684879
487.961512,1000,619.677783
425.007172,1000,621.612652
540.030765,1000,623.594508
494.568468,1000,625.528713
497.754458,1000,627.51701
540.114711,1000,629.453572
488.616202,1000,631.451011
498.935942,1000,633.375383
503.186681,1000,635.39307
556.871294,1000,637.326615
519.787735,1000,639.249092
520.623787,1000,641.245373
543.008323,1000,643.163541
493.610657,1000,645.155923
513.11982,1000,647.050994
494.106723,1000,649.094575
461.160542,1000,651.011927
490.149688,1000,653.053036
605.660949,1000,654.991412
574.399529,1000,657.003536
470.470055,1000,658.913464
522.660213,1000,660.897244
497.154162,1000,662.807034
555.557939,1000,664.79151
524.986015,1000,666.714053
507.903873,1000,668.696311
494.481132,1000,670.615246
481.171286,1000,672.62257
595.757592,1000,674.526819
508.385363,1000,676.535737
398.364473,1000,678.535781
482.947827,1000,680.552916
489.105519,1000,682.475905
376.655855,1000,684.523103
501.96412,1000,686.45953
332.424974,1000,688.47504
533.887903,1000,690.393384
468.979581,1000,692.427686
486.088618,1000,694.358179
487.351378,1000,696.40141
344.027969,1000,698.341962
483.177614,1000,700.353959
459.260887,1000,702.286093
465.582018,1000,704.304096
532.869091,1000,706.229381
544.841816,1000,708.20924
454.372921,1000,710.114946
478.306801,1000,712.111605
502.776096,1000,714.046772
518.678717,1000,716.060839
483.431205,1000,718.003502
501.611031,1000,719.975279
539.559853,1000,721.917663
551.643994,1000,723.80896
462.406697,1000,725.784797
497.537587,1000,727.723058
544.33697,1000,729.734957
480.03531,1000,731.672641
511.430894,1000,733.721484
441.050304,1000,735.657815
470.590075,1000,737.677504
513.3481,1000,739.590964
503.704019,1000,741.598499
509.664927,1000,743.497103
525.216973,1000,745.504417
570.747481,1000,747.402679
542.153957,1000,749.401
574.416718,1000,751.297381
465.212335,1000,753.249709
437.801061,1000,755.170208
545.910622,1000,757.17331
533.695196,1000,759.091425
480.845167,1000,761.109586
424.625326,1000,763.053762
473.58672,1000,765.08052
503.290553,1000,766.994076
505.901687,1000,769.026774
511.626317,1000,770.941858
493.985976,1000,772.929299
474.477916,1000,774.863572
467.219849,1000,776.857162
526.042136,1000,778.75356
496.697185,1000,780.720474
457.178933,1000,782.66513
498.249997,1000,784.653711
411.061593,1000,786.59748
423.046026,1000,788.581506
476.630379,1000,790.521436
555.16858,1000,792.492657
468.325215,1000,794.443293
511.464464,1000,796.446417
556.491523,1000,798.374835
501.057163,1000,800.369654
559.970251,1000,802.281208
535.361584,1000,804.269331
581.859396,1000,806.210393
546.004257,1000,808.09037
522.246049,1000,810.097972
526.396059,1000,812.026857
545.387367,1000,814.042859
505.305345,1000,816.030481
447.964489,1000,818.008735
563.264297,1000,819.908803
493.591076,1000,821.897924
489.70145,1000,823.810513
498.026873,1000,825.827417
424.633355,1000,827.778229
524.1337,1000,829.784716
512.578724,1000,831.689692
529.704401,1000,833.746878
544.716899,1000,835.668636
517.3558,1000,837.73356
586.794298,1000,839.625851
526.436891,1000,841.614669
482.321757,1000,843.544646
502.073155,1000,845.517555
512.433546,1000,847.432348
496.076148,1000,849.437723
480.234986,1000,851.340426
488.295936,1000,853.341512
528.762119,1000,855.271419
539.386825,1000,857.263261
552.877924,1000,859.172072
491.732839,1000,861.155937
495.49828,1000,863.070781
531.179032,1000,865.054542
536.687609,1000,866.966211
557.429189,1000,868.941677
468.869547,1000,870.866023
539.4388,1000,872.856053
468.155934,1000,874.820616
542.210039,1000,876.826371
485.799743,1000,878.798922
481.233381,1000,880.77738
515.82727,1000,882.715981
555.05792,1000,884.687385
535.124085,1000,886.641265
475.541515,1000,888.649643
525.106309,1000,890.614197
474.943566,1000,892.522709
607.009829,1000,894.531431
531.001463,1000,896.474002
586.741004,1000,898.52638
524.302511,1000,900.463132
489.391184,1000,902.52286
497.099801,1000,904.449992
510.999473,1000,906.47036
631.176511,1000,908.368747
613.278003,1000,910.332001
623.237111,1000,912.220001
481.797381,1000,914.227506
474.437769,1000,916.167004
532.66649,1000,918.151376
522.999256,1000,920.050107
554.855738,1000,922.044597
533.133913,1000,923.945566
566.489233,1000,925.960563
566.080391,1000,927.869847
483.231612,1000,929.864905
449.215405,1000,931.79338
552.427289,1000,933.780205
530.633855,1000,935.714686
541.18695,1000,937.703224
523.309929,1000,939.620044
591.883454,1000,941.6032
460.999538,1000,943.510528
599.414725,1000,945.492461
552.948646,1000,947.397665
430.206076,1000,949.40193
506.51077,1000,951.319163
445.778166,1000,953.297765
501.62832,1000,955.201431
398.337743,1000,957.213772
571.403725,1000,959.137172
456.136391,1000,961.134601
526.68225,1000,963.04446
476.243426,1000,965.018674
459.125378,1000,966.933788
381.506305,1000,968.909695
487.928199,1000,970.878307
532.96652,1000,972.912285
522.102779,1000,974.841393
512.987158,1000,976.765315
456.807688,1000,978.839562
410.114161,1000,980.769358
388.197955,1000,982.7809
579.005041,1000,984.711388
465.392517,1000,986.703563
493.496605,1000,988.633617
488.293704,1000,990.608442
574.352765,1000,992.508623
555.61035,1000,994.491929
506.577301,1000,996.45013
405.859357,1000,998.487277
474.585968,1000,1000.417483
512.458068,1000,1002.422032
427.528319,1000,1004.35509
517.124369,1000,1006.387834
433.187966,1000,1008.337865
465.966235,1000,1010.32926
480.165581,1000,1012.23972
498.873568,1000,1014.226512
528.591155,1000,1016.146926
515.900416,1000,1018.135182
542.569117,1000,1020.04239
421.10893,1000,1022.073755
502.434198,1000,1023.980004
492.484753,1000,1025.970687
536.953087,1000,1027.866728
525.737357,1000,1029.852263
522.012585,1000,1031.759616
524.602412,1000,1033.749529
510.34056,1000,1035.662019
405.433556,1000,1037.695288
406.063203,1000,1039.626443
562.922013,1000,1041.619569
490.06784,1000,1043.537813
385.099754,1000,1045.55267
456.167269,1000,1047.497482
457.642792,1000,1049.519592
473.90142,1000,1051.471271
540.340438,1000,1053.469769
465.596711,1000,1055.477092
489.658861,1000,1057.516711
515.775067,1000,1059.478749
378.049533,1000,1061.429691
526.340997,1000,1063.431652
533.178948,1000,1065.341213
528.49004,1000,1067.332003
506.298086,1000,1069.245199
533.539817,1000,1071.240744
473.496846,1000,1073.172628
508.905325,1000,1075.173245
514.206266,1000,1077.094114
474.854645,1000,1079.095032
451.262954,1000,1081.010109
514.75121,1000,1083.005774
556.951729,1000,1084.932638
479.986985,1000,1086.940251
480.463367,1000,1088.8552
479.515259,1000,1090.849054
490.472385,1000,1092.759251
446.100327,1000,1094.790195
497.840344,1000,1096.739264
479.790519,1000,1098.76501
553.658363,1000,1100.674573
466.714262,1000,1102.674526
582.23226,1000,1104.576971
511.837318,1000,1106.590001
518.973083,1000,1108.492408
487.144431,1000,1110.513972
479.480223,1000,1112.454166
503.449978,1000,1114.467175
543.164991,1000,1116.424787
465.822703,1000,1118.407172
494.651084,1000,1120.336377
643.971986,1000,1122.312799
524.08414,1000,1124.243477
463.321155,1000,1126.244683
554.440109,1000,1128.1817
502.631593,1000,1130.201835
503.822089,1000,1132.162325
489.369723,1000,1134.17834
485.036902,1000,1136.178858
518.351769,1000,1138.20825
474.252188,1000,1140.204432
547.133836,1000,1142.182802
475.400836,1000,1144.151675
527.418271,1000,1146.055986
483.204379,1000,1148.07772
453.143345,1000,1150.000928
499.948813,1000,1151.980302
460.833282,1000,1153.878747
508.198005,1000,1155.86718
494.433475,1000,1157.793583
552.066852,1000,1159.842244
411.818506,1000,1161.74741
401.420137,1000,1163.747354
569.460571,1000,1165.665157
395.577417,1000,1167.674096
430.155734,1000,1169.592494
399.777605,1000,1171.584551
429.552902,1000,1173.498688
440.063043,1000,1175.534297
494.384205,1000,1177.469393
488.465809,1000,1179.494696
461.728901,1000,1181.466038
386.286612,1000,1183.45948
385.723147,1000,1185.379497
431.36461,1000,1187.369114
411.0934,1000,1189.276241
428.222466,1000,1191.275637
434.515832,1000,1193.181706
465.993991,1000,1195.173641
382.314416,1000,1197.102833
391.804642,1000,1199.078998
395.121269,1000,1201.029472
490.704336,1000,1203.019416
344.684066,1000,1205.021719
479.923723,1000,1207.039701
410.506702,1000,1208.98462
320.837472,1000,1211.02676
403.926935,1000,1212.969948
309.746979,1000,1215.039336
377.55222,1000,1217.049764
480.810869,1000,1219.079214
384.232008,1000,1221.041762
324.97519,1000,1223.07024
388.275098,1000,1225.04204
400.361408,1000,1226.975304
500.054282,1000,1228.983834
278.263092,1000,1230.938967
232.278386,1000,1232.981683
223.330361,1000,1234.966248
319.636359,1000,1237.019219
396.308873,1000,1238.938602
446.930488,1000,1240.951536
226.545962,1000,1242.911235
312.292618,1000,1244.948375
57.047314,134,1245.213587
243.563155,1000,1247.189418
453.615386,1000,1249.207434
238.852849,1000,1251.172616
239.55125,1000,1253.241835
300.723566,1000,1255.211761
248.799923,1000,1257.270661
313.678208,1000,1259.215484
476.955419,1000,1261.223378
376.473804,1000,1263.17102
430.668168,1000,1265.172585
275.067884,1000,1267.118996
263.136742,1000,1269.173632
229.469786,1000,1271.14403
423.467918,1000,1273.127168
393.73082,1000,1275.053604
299.591925,1000,1277.116206
270.365237,1000,1279.201241
250.057455,1000,1281.2602
317.547146,1000,1283.23445
248.897291,501,1284.185573
393.061721,1000,1286.218245
511.788262,1000,1288.148159
301.124388,1000,1290.187929
447.81238,1000,1292.112006
386.743481,1000,1294.14757
452.726804,1000,1296.155161
508.591232,1000,1298.22967
406.726006,1000,1300.18988
399.351086,1000,1302.217325
421.749548,1000,1304.179398
339.396025,1000,1306.259055
500.629647,1000,1308.223115
479.706283,1000,1310.209789
326.042899,1000,1312.175128
377.146896,1000,1314.196296
474.919735,1000,1316.140507
419.51991,1000,1318.148555
434.528492,1000,1320.101911
460.527386,1000,1322.081429
403.952819,1000,1324.020024
458.111011,1000,1326.031264
465.134095,1000,1327.967631
479.217976,1000,1329.975209
376.305561,1000,1331.916866
422.092935,1000,1333.928362
421.278937,1000,1335.843303
409.561921,1000,1337.837479
166.540959,346,1338.515613
537.905058,1000,1340.401942
359.753052,1000,1342.41209
402.349176,1000,1344.354722
398.692293,1000,1346.372884
517.454683,1000,1348.279158
402.342878,1000,1350.307591
528.506032,1000,1352.221299
481.435905,1000,1354.25404
342.671543,1000,1356.315934
312.316239,1000,1358.691206
449.852235,1000,1360.883688
515.733192,1000,1363.02795
496.358582,1000,1365.032318
346.864167,1000,1367.174368
333.807555,1000,1369.132729
529.025142,1000,1371.112247
570.359689,1000,1373.020644
520.948864,1000,1375.009778
279.003079,1000,1376.992305
413.062838,1000,1379.019556
342.390441,1000,1380.98187
430.349097,1000,1382.974884
547.869281,1000,1384.893704
330.185541,1000,1386.931938
318.934603,1000,1388.903039
404.967635,1000,1390.89411
531.913299,1000,1392.815907
464.203318,1000,1394.818788
396.859343,1000,1397.011851
423.458093,1000,1399.685816
496.887016,1000,1402.310839
475.821751,1000,1405.073486
505.999072,1000,1408.243742
497.839529,1000,1411.390364
511.169545,1000,1414.219911
435.919433,1000,1417.763313
543.518862,1000,1421.301874
478.394196,1000,1424.822945
451.000018,1000,1428.456389
454.479915,1000,1431.838714
462.478384,1000,1435.36233
454.764522,1000,1438.669693
546.311103,1000,1442.158353
521.43316,1000,1445.470301
474.956884,1000,1448.915275
540.164446,1000,1452.201339
484.80496,1000,1455.653669
384.040267,1000,1459.003271
505.097986,1000,1462.406847
466.608986,1000,1465.708915
512.923103,1000,1469.122977
532.823996,1000,1472.431368
494.971712,1000,1475.849065
471.00327,1000,1479.131793
526.127186,1000,1482.553018
492.238779,1000,1485.950944
441.396673,1000,1489.419788
468.068973,1000,1492.748671
502.247065,1000,1496.19072
511.594536,1000,1499.54569
481.070667,1000,1502.978099
550.003765,1000,1506.296862
483.545678,1000,1509.775084
482.331693,1000,1513.113228
541.440441,1000,1516.542329
492.956007,1000,1519.914219
469.457322,1000,1523.34116
486.945251,1000,1526.697877
487.929136,1000,1530.082915
490.481837,1000,1533.388276
481.120541,1000,1536.729885
485.613935,1000,1540.145662
484.512088,1000,1543.444232
503.920785,1000,1546.942148
550.793013,1000,1550.318218
488.383062,1000,1553.680063
357.314464,1000,1557.030819
502.66705,1000,1560.481435
475.730346,1000,1563.79148
485.638599,1000,1567.209724
508.0329,1000,1570.519823
515.568407,1000,1574.05663
411.257969,1000,1577.369845
480.745277,1000,1580.785744
447.123725,1000,1584.106222
437.238765,1000,1587.51789
475.194285,1000,1590.839769
491.1037,1000,1594.247452
405.286513,1000,1597.562977
326.499035,726,1600.117215
474.613656,1000,1603.40754
490.878615,1000,1606.834923
501.054713,1000,1610.196366
505.854363,1000,1613.639122
467.356407,1000,1616.938686
480.997051,1000,1620.316727
561.360968,1000,1623.594851
472.459725,1000,1627.061886
510.195457,1000,1630.421159
523.443221,1000,1633.970145
497.343591,1000,1637.379662
487.872838,1000,1640.74842
471.185219,1000,1644.26484
511.777513,1000,1647.629802
430.634171,1000,1651.136455
504.301963,1000,1654.475558
505.792709,1000,1657.951535
478.796631,1000,1661.231967
531.696553,1000,1664.736972
512.895623,1000,1668.067605
508.906769,1000,1671.490009
497.922191,1000,1674.823601
473.694125,1000,1678.219392
507.860632,1000,1681.611612
455.366823,1000,1685.036192
525.905206,1000,1688.313762
518.509663,1000,1691.776861
489.938004,1000,1695.120461
520.794549,1000,1698.591713
523.939131,1000,1701.913364
507.196247,1000,1705.372658
514.678072,1000,1708.757184
561.905084,1000,1712.293834
538.649082,1000,1715.549074
461.024235,1000,1718.892314
525.296028,1000,1722.190466
517.469483,1000,1725.605189
428.808754,1000,1728.957256
533.381072,1000,1732.468009
490.865624,1000,1735.769281
495.581146,1000,1739.203495
424.655814,1000,1742.488682
472.272669,1000,1746.002875
478.158804,1000,1749.358938
495.225745,1000,1752.831778
531.978271,1000,1756.184073
460.697031,1000,1759.700974
458.041367,1000,1763.02505
532.301734,1000,1766.458565
505.533262,1000,1769.790605
536.296602,1000,1773.28736
524.505856,1000,1776.622059
541.256712,1000,1780.112618
553.938484,1000,1783.417116
484.909137,1000,1786.757261
539.836364,1000,1790.22959
487.40197,1000,1793.59453
505.451872,1000,1797.037971
534.966011,1000,1800.330486
386.784433,1000,1803.770781
489.550891,1000,1807.10552
495.231924,1000,1810.569919
456.811101,1000,1813.907918
518.426074,1000,1817.320777
427.18899,1000,1820.619151
465.866897,1000,1824.025548
511.289951,1000,1827.282569
489.432168,1000,1830.713332
457.922539,1000,1834.038102
496.695099,1000,1837.407089
454.614504,1000,1840.743575
565.192208,1000,1844.202786
507.61094,1000,1847.561468
484.846203,1000,1850.94783
493.240835,1000,1854.280714
505.861263,1000,1857.701494
507.348347,1000,1861.00709
525.654291,1000,1864.483681
563.147502,1000,1867.83724
508.668775,1000,1871.284883
525.601213,1000,1874.600481
490.939243,1000,1878.050344
506.793211,1000,1881.400946
519.581434,1000,1884.85408
490.045503,1000,1888.143778
499.637314,1000,1891.617027
534.629003,1000,1894.928371
507.032938,1000,1898.370302
484.076935,1000,1901.631381
507.845588,1000,1905.127967
468.61733,1000,1908.431462
501.634377,1000,1911.901163
486.19014,1000,1915.283969
495.013542,1000,1918.774858
547.66944,1000,1922.118205
533.856554,1000,1925.649905
511.192765,1000,1929.005714
571.854197,1000,1932.31896
528.88718,1000,1935.780773
511.709644,1000,1939.122943
27.543588,106,1939.570244
440.536313,1000,1942.904264
551.580606,1000,1946.233489
404.527835,1000,1949.832667
501.833739,1000,1953.131088
483.442359,1000,1956.61761
168.538918,381,1957.897912
488.29056,1000,1961.428375
474.222919,1000,1964.759848
494.176611,1000,1968.192064
482.764811,1000,1971.548198
500.922392,1000,1975.045056
485.123725,1000,1978.411093
555.225164,1000,1981.851343
479.090205,1000,1985.197525
547.132648,1000,1988.61925
529.020575,1000,1991.941835
488.505517,1000,1995.399921
534.559303,1000,1998.710106
490.78133,1000,2002.036483
541.873768,1000,2005.530389
516.245059,1000,2008.846134
536.941775,1000,2012.368467
477.439766,1000,2015.674473
535.040698,1000,2019.183818
514.469714,1000,2022.485001
549.182496,1000,2025.945982
422.037199,1000,2029.217109
451.398669,1000,2032.680532
477.145506,1000,2035.942268
511.808831,1000,2039.397261
535.184034,1000,2042.707278
559.259305,1000,2046.131822
568.07395,1000,2049.43694
475.902261,1000,2052.872876
532.221847,1000,2056.178395
469.228288,1000,2059.656119
466.106483,1000,2063.01525
505.592302,1000,2066.463032
507.54698,1000,2069.743438
537.07513,1000,2073.206778
585.748586,1000,2076.505893
503.345152,1000,2079.954131
597.095005,1000,2083.257105
512.360356,1000,2086.64023
531.04442,1000,2090.047655
487.319444,1000,2093.465718
598.033153,1000,2096.760817
573.388058,1000,2100.246566
458.153896,1000,2103.592921
456.087119,1000,2107.033103
560.910371,1000,2110.380236
524.970021,1000,2113.774552
489.112811,1000,2117.053789
521.831929,1000,2120.474328
364.333222,1000,2123.840351
496.728417,1000,2127.278582
549.749072,1000,2130.559932
503.785885,1000,2134.030212
532.183992,1000,2137.385671
468.838197,1000,2140.831925
521.888605,1000,2144.175921
478.816812,1000,2147.512418
497.943692,1000,2150.968377
263.562136,541,2152.734451
584.993807,1000,2156.229871
460.668984,1000,2159.581991
550.723374,1000,2163.025819
571.42203,1000,2166.381085
508.781769,1000,2169.856698
527.18775,1000,2173.260956
489.836902,1000,2176.744031
540.104253,1000,2180.182757
592.451158,1000,2183.616674
511.614674,1000,2186.933075
535.396474,1000,2190.37384
524.938691,1000,2193.735754
518.135514,1000,2197.235605
577.740147,1000,2200.477638
426.42234,1000,2203.908113
468.94665,1000,2207.191141
497.529452,1000,2210.648559
567.232924,1000,2213.94584
511.977846,1000,2217.352459
514.500328,1000,2220.719379
472.850573,1000,2224.092123
505.306451,1000,2227.544529
510.469023,1000,2230.425802
533.108731,1000,2233.800041
470.245261,1000,2237.135837
531.167971,1000,2240.62787
491.613074,1000,2243.989993
490.36217,1000,2247.38825
482.394305,1000,2250.691752
478.908815,1000,2254.183533
514.702877,1000,2257.49269
558.833606,1000,2260.923471
492.263079,1000,2264.24669
522.926171,1000,2267.775885
560.813444,1000,2271.049554
557.811472,1000,2274.497194
516.923401,1000,2277.785323
452.58656,1000,2281.226031
480.003774,1000,2284.485846
449.768251,1000,2287.966907
515.988724,1000,2291.331111
450.899638,1000,2294.71614
474.569038,1000,2297.990458
491.593147,1000,2301.433835
496.971168,1000,2304.763514
456.310616,1000,2308.255828
561.887792,1000,2311.563673
555.10071,1000,2314.981924
510.360739,1000,2318.356316
503.277728,1000,2321.79732
463.682612,1000,2325.101808
415.079318,1000,2328.543854
514.257947,1000,2331.925533
484.678808,1000,2335.422208
570.708413,1000,2338.762113
498.971635,1000,2342.235601
561.412228,1000,2345.512247
441.544612,1000,2348.944677
514.409313,1000,2352.28008
494.533076,1000,2355.719986
500.213754,1000,2358.981187
521.950839,1000,2362.403753
468.007685,1000,2365.822427
486.928566,1000,2369.081656
553.955761,1000,2372.57917
519.731286,1000,2375.930926
536.313071,1000,2379.375668
536.010808,1000,2382.77756
516.432946,1000,2386.232463
524.926571,1000,2389.612604
569.192254,1000,2393.109854
596.759299,1000,2396.4049
573.508708,1000,2399.812495
446.302483,1000,2403.162146
520.960506,1000,2406.595086
487.324818,1000,2409.927824
528.759397,1000,2413.415794
623.366169,1000,2416.763158
490.841622,1000,2420.282709
484.851767,1000,2423.606236
507.5505,1000,2427.100335
533.268406,1000,2430.48228
573.860035,1000,2434.000011
398.157996,793,2436.692267
539.336906,1000,2440.141359
516.643272,1000,2443.492547
471.190828,1000,2446.939524
501.807226,1000,2450.291169
544.416551,1000,2453.800139
553.728523,1000,2457.119057
452.650247,1000,2460.593779
517.647533,1000,2463.979011
557.858514,1000,2467.425418
461.375795,1000,2471.209574
449.713051,1000,2474.663673
495.164452,1000,2478.174046
516.22187,1000,2481.895767
576.004893,1000,2485.562484
505.781211,1000,2488.927094
507.808415,1000,2492.333088
460.553074,1000,2495.656537
507.565848,1000,2499.169249
587.979891,1000,2502.503794
635.5674,1000,2506.171959
573.752093,1000,2509.474817
514.655204,1000,2513.030421
508.458524,1000,2516.411221
439.822236,1000,2519.854143
521.002951,1000,2523.208503
574.796845,1000,2526.63788
572.863388,1000,2529.93583
560.36527,1000,2533.428181
502.436784,1000,2536.780476
451.495299,1000,2540.312407
524.828544,1000,2543.603751
518.308079,1000,2547.033896
450.064242,1000,2550.345684
298.229078,1000,2553.878036
433.725999,1000,2557.23767
422.070523,1000,2560.789176
517.872749,1000,2564.104481
488.976567,1000,2567.556447
555.185113,1000,2570.841217
460.645447,1000,2574.300505
380.33308,1000,2577.688299
446.637894,1000,2581.151405
471.882114,1000,2584.52601
450.765533,1000,2587.983662
472.30679,1000,2591.380592
459.305896,1000,2594.78428
492.729701,1000,2597.912408
493.006043,1000,2601.406924
463.18145,1000,2604.728708
552.810499,1000,2608.154
456.747015,1000,2611.505313
498.199426,1000,2614.921308
495.533297,1000,2618.247768
544.963376,1000,2621.859678
543.836953,1000,2625.205837
577.016934,1000,2628.610227
493.178863,1000,2631.86938
556.540011,1000,2635.249856
590.561884,1000,2638.721774
587.181715,1000,2641.973906
599.075262,1000,2645.450945
555.041875,1000,2648.797091
525.573614,1000,2652.236017
502.467815,1000,2655.534261
509.019973,1000,2658.982454
576.851527,1000,2662.321181
455.652038,1000,2665.787937
526.958653,1000,2669.111708
487.556461,1000,2672.579807
488.377366,1000,2675.95087
532.011839,1000,2679.463364
558.081449,1000,2682.784219
516.886067,1000,2686.218299
489.964182,1000,2689.578063
463.795316,1000,2693.046141
515.254358,1000,2696.437863
509.613239,1000,2699.931854
518.634465,1000,2703.27644
528.400142,1000,2706.68755
597.486564,1000,2709.991254
487.094225,1000,2713.438965
519.012116,1000,2716.746246
578.072025,1000,2720.15285
558.054081,1000,2723.516103
521.387679,1000,2727.018569
537.442474,1000,2730.312059
553.376898,1000,2733.765717
551.239669,1000,2737.051406
536.789391,1000,2740.520884
558.337997,1000,2743.880869
435.777245,1000,2747.385717
542.233228,1000,2750.759485
476.602938,1000,2754.180084
516.4729,1000,2757.535113
537.547928,1000,2760.953113
468.087026,1000,2764.314204
504.395749,1000,2767.758394
492.778124,1000,2771.113635
477.191804,1000,2774.433951
553.651239,1000,2777.862185
447.767546,1000,2781.136747
515.036366,1000,2784.531663
495.52656,1000,2787.579394
536.574258,1000,2790.17158
502.95014,1000,2792.569947
549.269277,1000,2794.994696
485.024415,1000,2797.294354
520.097755,1000,2799.710148
515.967232,1000,2802.00319
462.926483,1000,2804.434943
517.319293,1000,2806.72825
432.784557,1000,2809.159895
509.888008,1000,2811.493706
498.529213,1000,2813.877902
509.594418,1000,2816.109953
553.640723,1000,2818.542896
506.635107,1000,2820.826235
497.387131,1000,2823.290584
477.12834,1000,2825.634038
496.825278,1000,2828.074371
503.147059,1000,2830.389791
403.292232,1000,2832.8599
480.291037,1000,2835.067381
476.451292,1000,2837.474262
523.788198,1000,2839.848002
390.013373,1000,2842.298303
478.321168,1000,2844.623402
441.109241,1000,2847.060308
469.228064,1000,2849.409997
450.516193,1000,2851.843592
541.965697,1000,2854.266288
504.10506,1000,2856.697632
488.971674,1000,2858.958178
460.850807,1000,2861.456333
545.633304,1000,2863.845812
510.732372,1000,2866.055834
496.801545,1000,2868.411811
544.752856,1000,2870.805708
499.304302,1000,2873.107519
481.692735,1000,2875.48002
558.057476,1000,2877.849226
469.694553,1000,2880.250557
495.816378,1000,2882.700009
503.203323,1000,2885.06444
520.798231,1000,2887.472693
463.966048,1000,2889.655184
520.771421,1000,2892.073745
443.259198,1000,2894.395247
503.659072,1000,2896.675118
531.378044,1000,2898.990443
518.388911,1000,2901.331517
526.453484,1000,2903.609832
531.188078,1000,2906.06454
535.403031,1000,2908.343683
534.029945,1000,2910.674014
530.034485,1000,2912.953843
503.389941,1000,2915.382785
563.984499,1000,2917.73855
525.230479,1000,2920.120443
515.618194,1000,2922.425093
491.453649,1000,2924.842173
508.697865,1000,2927.057171
516.517168,1000,2929.499195
508.281667,1000,2931.903559
437.04773,1000,2934.336299
457.973676,1000,2936.438886
478.225109,1000,2938.790254
510.127497,1000,2941.134715
488.886652,1000,2943.543948
478.088727,1000,2945.931354
360.451167,1000,2948.436135
497.209179,1000,2950.823479
518.433953,1000,2954.058142
540.002235,1000,2957.384193
533.421753,1000,2960.860703
465.421177,1000,2964.190233
447.610618,1000,2967.670077
542.610339,1000,2971.090056
533.228745,1000,2974.541841
534.628193,1000,2977.928754
493.228043,1000,2981.356971
516.425369,1000,2984.714863
199.041849,406,2986.048334
504.286202,1000,2989.453649
555.934877,1000,2992.75603
450.493527,1000,2996.236263
561.963696,1000,2999.581892
531.100216,1000,3002.967993
525.918675,1000,3006.387625
502.184107,1000,3009.876417
452.749067,1000,3013.20563
481.950362,1000,3016.711916
485.632636,1000,3020.075394
438.826581,1000,3023.516276
516.218653,1000,3026.861984
570.04575,1000,3030.26121
415.369369,1000,3033.614074
515.917449,1000,3037.072362
536.3643,1000,3040.407246
551.279324,1000,3043.785028
501.673639,1000,3047.136891
556.175585,1000,3050.719014
472.449687,1000,3054.323264
158.115119,297,3055.37774
461.481166,1000,3058.947791
151.446222,367,3060.227562
443.741017,1000,3063.770804
498.037435,1000,3067.387277
438.931304,1000,3070.823281
148.489049,294,3071.802798
544.924083,1000,3075.411941
389.035804,1000,3078.925582
565.374649,1000,3082.692067
504.535317,1000,3086.066015
415.763462,1000,3089.53856
522.657254,1000,3092.856173
453.249995,1000,3096.299575
421.090526,1000,3099.614725
417.5926,1000,3103.035737
407.80647,1000,3106.33755
334.243818,1000,3109.784584
513.043795,1000,3113.171066
570.521347,1000,3116.691991
438.848219,1000,3120.136007
535.121434,1000,3123.769534
558.937414,1000,3127.265984
407.2138,1000,3130.25784
411.00379,1000,3133.269113
482.133924,1000,3136.232855
403.463037,1000,3139.052516
538.290795,1000,3142.198375
450.063412,1000,3145.195736
557.889762,1000,3148.151316
382.785192,1000,3150.890449
372.526404,1000,3153.753784
388.281497,1000,3157.077729
359.887536,1000,3161.073544
382.602944,1000,3164.172066
567.745954,1000,3166.962875
383.432162,1000,3170.692612
428.724966,1000,3173.829129
402.645263,1000,3177.798873
404.445263,1000,3180.189937
410.562073,1000,3182.606704
435.202655,1000,3185.09506
518.505854,1000,3187.409915
444.4385,1000,3189.58948
450.858611,1000,3191.979757
465.415809,1000,3194.770184
535.83596,1000,3197.324855
556.120231,1000,3200.304672
546.874436,1000,3203.798269
531.88267,1000,3207.087818
391.811861,1000,3210.558945
373.10562,1000,3213.853074
360.13148,1000,3217.370115
371.854195,1000,3220.702473
367.467324,1000,3224.225806
434.374694,1000,3227.613189
474.107332,1000,3231.081326
511.88573,1000,3234.393819
479.995553,1000,3237.808269
538.869453,1000,3241.064525
467.605789,1000,3244.500904
424.340304,1000,3247.785811
514.243941,1000,3251.208896
516.669321,1000,3254.517931
522.21997,1000,3257.946603
439.81338,1000,3261.235882
469.517969,1000,3264.648798
480.694696,1000,3268.022363
485.043573,1000,3271.445997
519.277714,1000,3274.737872
460.040204,1000,3278.173238
456.465132,1000,3281.501676
388.420514,1000,3284.94899
576.79702,1000,3288.2598
459.853578,1000,3291.732582
431.864151,1000,3295.027011
519.212945,1000,3298.587146
412.57122,1000,3301.941435
416.464835,1000,3305.386009
375.22529,1000,3308.738958
534.659463,1000,3312.136603
547.390793,1000,3315.473403
419.091412,1000,3318.868155
438.711358,1000,3322.252181
447.482404,1000,3325.552968
384.343888,1000,3329.047899
406.980286,1000,3332.422094
417.429049,1000,3335.960788
455.349173,1000,3339.531398
363.778361,1000,3343.275232
367.249898,1000,3346.821321
461.62542,1000,3350.460382
350.130794,1000,3353.928831
385.606296,1000,3357.60386
307.209938,1000,3361.209553
443.18674,1000,3364.846837
369.04504,1000,3368.275223
379.840823,888,3371.54031
477.03627,1000,3374.962317
464.578994,1000,3378.766748
522.816688,1000,3382.224323
501.055808,1000,3385.892109
494.945652,1000,3389.342103
464.368988,1000,3392.983507
510.102397,1000,3396.519368
557.380215,1000,3400.214533
518.548741,1000,3403.652326
554.663374,1000,3407.300346
437.106535,1000,3410.859641
511.865288,1000,3414.549051
511.652991,1000,3418.092283
497.359825,1000,3421.720434
545.774672,1000,3425.231496
419.514466,1000,3428.86047
507.678244,1000,3432.344214
489.496457,1000,3435.969718
490.818843,1000,3439.422072
565.104934,1000,3442.890423
527.266251,1000,3446.488717
497.89305,1000,3450.029994
445.474987,1000,3453.408531
466.796449,1000,3456.916778
463.147988,1000,3460.225494
477.184665,1000,3463.558393
515.141294,1000,3467.077643
479.980987,1000,3470.420155
489.064351,1000,3473.850786
488.728237,1000,3477.169511
546.268776,1000,3480.63653
523.524979,1000,3484.164221
533.812178,1000,3487.783078
495.938135,1000,3491.274236
562.637771,1000,3494.782685
477.667563,1000,3498.338134
493.989104,1000,3501.853141
437.095838,1000,3505.336391
489.682938,1000,3508.889056
444.800981,1000,3512.379912
452.642831,1000,3516.03042
448.383611,1000,3519.598114
544.646164,1000,3523.289654
491.820684,1000,3526.654004
546.513533,1000,3530.2698
539.893451,1000,3533.52767
562.025865,1000,3536.430061
488.95036,1000,3539.035358
462.800772,1000,3542.295684
578.907263,1000,3545.738417
473.334733,1000,3549.288415
530.406838,1000,3552.447944
527.820779,1000,3555.6543
556.481768,1000,3558.645324
497.427189,1000,3561.739477
507.427879,1000,3564.640917
524.123643,1000,3567.637386
523.534703,1000,3570.610115
534.248499,1000,3573.645532
528.26063,1000,3576.590972
510.083357,1000,3579.613554
397.562304,1000,3582.515696
435.103773,1000,3585.514095
442.161061,1000,3588.478248
462.00738,1000,3591.511508
484.123933,1000,3594.377002
514.813551,1000,3597.331969
558.869826,1000,3600.282674
520.005219,1000,3603.16174
528.17119,1000,3606.184888
516.751301,1000,3609.065761
557.084081,1000,3612.052379
534.317808,1000,3614.996896
519.391004,1000,3618.021099
528.929225,1000,3620.953905
550.339855,1000,3623.971929
383.687402,1000,3626.928209
537.290607,1000,3629.957619
501.076057,1000,3633.169387
593.721668,1000,3636.425918
531.373358,1000,3639.48645
563.521805,1000,3642.77157
474.226292,1000,3646.045863
560.240232,1000,3649.161984
486.27937,1000,3652.5055
579.805012,1000,3655.884082
511.398533,1000,3659.142303
582.951897,1000,3662.456223
519.172711,1000,3665.572078
573.43419,1000,3668.600194
476.152588,1000,3671.89416
554.882512,1000,3674.665023
548.050436,1000,3677.356127
476.511315,1000,3680.651818
497.136197,1000,3683.334693
473.362363,1000,3686.0761
565.20851,1000,3688.74167
514.079003,1000,3691.558133
535.333127,1000,3694.86661
505.686765,1000,3697.867813
577.783805,1000,3700.804972
572.610428,1000,3704.184466
520.419689,1000,3707.260367
452.184728,1000,3710.614418
497.945205,1000,3713.753243
554.070343,1000,3716.941206
464.757611,1000,3719.62791
511.215535,1000,3722.715822
493.685316,1000,3725.618578
491.083367,1000,3728.619901
496.078515,1000,3731.556738
425.929058,1000,3734.49793
524.036178,1000,3737.542275
441.322101,1000,3740.415067
455.145819,1000,3743.419549
437.440539,1000,3746.300367
451.415167,1000,3749.360149
413.274729,1000,3752.25662
401.683677,1000,3755.428641
477.25357,1000,3758.46801
493.732946,1000,3761.709785
376.490031,1000,3764.82347
561.411729,1000,3768.017165
430.260532,1000,3771.086751
417.321491,1000,3774.429731
493.033038,1000,3777.480643
386.899573,1000,3780.707166
383.69236,1000,3783.820646
401.119526,1000,3786.847657
477.648388,1000,3789.86984
461.977675,1000,3793.142107
549.620616,1000,3796.129008
402.37075,1000,3799.157745
408.804292,1000,3802.073
450.509001,1000,3805.068292
378.014017,1000,3807.959481
380.65143,1000,3811.142274
486.711937,1000,3814.144182
366.039012,1000,3817.127945
392.92813,1000,3820.021059
367.67955,1000,3823.049859
391.799786,1000,3825.901846
413.875356,1000,3828.86812
411.734114,1000,3831.827634
374.172493,1000,3834.787048
439.16347,1000,3837.663742
414.091321,1000,3840.685834
391.424527,1000,3843.585808
442.552902,1000,3846.607201
398.202153,1000,3849.538603
427.601701,1000,3852.529667
381.070816,1000,3855.494695
314.256765,1000,3858.447347
404.049724,1000,3861.52278
380.241427,1000,3864.435819
520.019292,1000,3867.457149
237.608426,1000,3870.456122
396.24044,1000,3873.583525
264.256511,1000,3876.522624
433.267526,1000,3879.586039
395.407303,1000,3882.486752
227.345142,1000,3885.614022
463.259908,1000,3888.496164
284.223313,1000,3891.536205
402.818676,1000,3894.422942
283.583529,1000,3897.539795
391.599129,1000,3900.403334
374.413245,1000,3903.445462
422.35721,1000,3906.372751
282.675739,1000,3909.429662
375.792518,1000,3912.297593
395.861732,1000,3915.317536
458.885013,1000,3918.202999
400.722346,1000,3921.427717
176.565626,1000,3924.653566
310.203482,1000,3927.802621
374.557982,1000,3930.847991
361.489731,1000,3933.969597
359.413008,1000,3936.814155
341.839179,1000,3939.949574
340.226119,1000,3942.911916
366.309342,1000,3946.152709
389.154734,1000,3949.320769
217.904566,1000,3952.758092
386.230264,1000,3955.98203
375.56938,1000,3959.265262
261.36386,1000,3962.221169
367.236467,1000,3965.269722
348.218456,1000,3968.247811
358.058734,1000,3971.26751
195.296294,1000,3974.242589
173.603676,1000,3977.414444
354.178423,1000,3980.464173
354.029378,1000,3983.779612
368.530433,1000,3986.91754
285.089121,714,3989.012232
379.551532,1000,3992.061816
364.599149,1000,3995.013905
341.745111,1000,3998.084058
314.318417,1000,4001.044729
347.352044,1000,4004.076582
327.032675,1000,4007.009883
318.862099,1000,4010.097219
331.205545,1000,4013.116315
366.382565,1000,4016.176017
318.577953,1000,4019.128224
289.419459,1000,4022.217769
331.459437,1000,4025.101225
367.067433,1000,4028.162623
322.664919,1000,4031.134313
361.297324,1000,4034.235292
328.469544,1000,4037.214496
280.53755,788,4039.666422
257.418697,1000,4042.630476
350.118825,1000,4045.675261
304.498312,1000,4048.726589
313.608191,1000,4051.770852
352.010929,1000,4054.728087
179.280704,359,4055.796668
348.025942,1000,4058.808808
340.679417,1000,4061.707072
213.424583,1000,4064.775892
307.966388,1000,4067.71616
326.794738,1000,4070.782828
320.614203,1000,4073.728406
320.972791,1000,4076.83482
329.345418,1000,4079.799183
354.859855,1000,4082.85361
73.774616,220,4083.559061
270.11147,1000,4086.499682
337.670478,1000,4089.539664
187.439334,375,4090.636522
356.482318,1000,4093.595668
394.293484,1000,4096.73791
419.494983,1000,4099.700752
241.41229,572,4101.513288
391.309481,1000,4104.473119
324.71192,1000,4107.508893
366.399435,1000,4110.449813
403.817523,1000,4113.467112
413.613691,1000,4116.467427
289.82825,859,4119.03962
165.354086,350,4120.1789
359.651764,1000,4123.091992
234.775256,1000,4126.151959
224.367954,1000,4129.153681
383.065904,1000,4132.215984
300.67977,1000,4135.243104
412.323903,1000,4138.303541
366.400248,1000,4141.184192
289.03156,742,4143.41681
355.6404,944,4146.405457
124.284555,368,4147.500978
253.118191,1000,4150.581213
231.621523,1000,4153.626513
237.650521,1000,4156.610845
225.925552,1000,4159.749302
187.432445,1000,4162.752957
229.038413,1000,4165.859516
345.813569,1000,4168.792041
30.317614,82,4169.023953
202.643194,1000,4172.138272
343.392176,942,4174.860338
205.908653,1000,4177.977666
188.422587,1000,4180.99108
202.204525,1000,4184.100084
180.081683,1000,4187.080483
364.459011,1000,4190.104241
178.701966,1000,4193.07386
177.22576,1000,4196.154289
236.199542,1000,4199.13424
339.816791,1000,4202.187448
184.252219,1000,4205.13761
346.200562,1000,4208.254689
183.292558,1000,4211.279626
355.821236,1000,4214.30455
373.129266,1000,4217.23422
91.980958,307,4218.117976
202.643971,537,4219.813692
44.22569,100,4220.11564
248.595795,1000,4223.104436
172.126304,1000,4226.236289
187.55586,1000,4229.211862
169.530235,1000,4232.314952
220.491528,1000,4235.304368
354.263965,1000,4238.387659
210.040349,1000,4241.364995
252.782463,1000,4244.43443
190.856725,1000,4247.50695
162.303873,367,4248.581158
188.343891,1000,4251.763166
325.218446,1000,4254.751381
3.69989,20,4254.804753
183.029167,1000,4257.901098
172.812678,1000,4260.843697
180.566179,1000,4263.989019
13.01912,44,4264.117587
191.029626,1000,4267.121746
376.536272,1000,4270.236635
180.385088,1000,4273.225294
51.403161,130,4273.604642
3.528504,21,4273.663058
178.909078,1000,4276.776014
378.481444,1000,4279.822112
125.523277,382,4281.175353
378.21722,1000,4284.464393
176.659538,1000,4287.622045
185.821552,1000,4290.999702
310.069477,1000,4294.184796
344.012941,941,4297.074876
362.335299,946,4300.126302
147.972071,428,4301.585426
171.811175,1000,4304.58446
203.953337,1000,4307.643894
218.681741,1000,4310.636426
397.030895,1000,4313.705507
69.530079,201,4314.313767
156.993653,1000,4317.312911
79.332441,271,4318.183013
382.984272,1000,4321.413648
251.662718,1000,4324.319963
125.557595,633,4326.273973
377.849653,1000,4329.228193
256.813019,1000,4332.148681
162.68967,1000,4335.264293
235.434563,1000,4338.17794
307.49391,1000,4341.244885
387.840651,1000,4344.134347
390.62222,1000,4347.184914
370.738385,930,4349.895038
400.824523,1000,4353.011904
358.570615,1000,4355.89962
330.373707,1000,4358.94226
361.605666,1000,4361.895692
370.797748,1000,4365.023888
407.466478,1000,4367.97973
172.151562,1000,4371.10956
385.751771,1000,4374.068898
255.115236,1000,4377.135575
411.855568,1000,4380.096262
79.887847,235,4380.78759
416.389743,1000,4383.913063
349.996913,1000,4386.893788
390.43397,1000,4390.063612
342.599553,1000,4393.000157
356.777865,1000,4396.456623
382.18831,1000,4399.59253
339.44804,1000,4402.975857
362.009302,1000,4406.159232
329.532478,1000,4409.557842
329.280583,1000,4412.726802
320.848361,1000,4415.940263
199.925222,1000,4419.446898
307.124711,1000,4422.920514
213.220576,1000,4426.316809
278.267027,1000,4429.47955
325.649389,1000,4432.388274
343.867436,1000,4435.460193
375.047416,1000,4438.393711
355.382331,1000,4441.441367
207.789467,1000,4444.385514
210.518749,1000,4447.476676
165.558211,1000,4450.466686
377.818665,1000,4453.485995
269.317093,788,4455.823633
413.695218,1000,4458.824292
365.482578,1000,4461.877096
317.691308,1000,4464.838578
210.638353,1000,4468.066998
221.904038,1000,4471.393924
189.616648,1000,4474.867306
337.467707,1000,4478.093677
207.578592,1000,4481.229995
163.557446,1000,4484.288018
281.570031,1000,4487.446588
377.178237,1000,4490.642412
221.104277,1000,4493.981649
187.307042,1000,4496.940312
402.501577,1000,4499.947986
231.44195,577,4501.640219
309.860015,1000,4504.723201
375.911638,1000,4507.739275
245.969498,1000,4510.843604
376.015161,1000,4513.778907
323.44349,1000,4516.848487
336.983312,1000,4519.828269
430.99238,1000,4522.840218
306.996947,1000,4525.803907
277.241291,1000,4528.863016
205.182073,1000,4531.864664
327.508186,1000,4534.873792
243.887858,1000,4537.916512
540.101465,1000,4540.774724
332.324498,1000,4543.809533
555.038442,1000,4546.68712
171.710949,366,4547.85087
378.287872,1000,4550.781223
396.165462,1000,4553.853244
388.858676,1000,4556.780799
338.935681,1000,4559.817031
390.387852,1000,4562.738443
361.475822,1000,4565.710023
321.781276,1000,4568.63675
333.145198,1000,4571.590137
390.589533,1000,4574.526076
207.121734,1000,4577.589231
517.718426,1000,4580.560728
237.340167,1000,4583.643502
263.984911,1000,4586.687904
387.624563,1000,4589.630047
246.394702,1000,4592.712034
401.77833,1000,4595.58786
326.376059,1000,4598.597735
327.144477,1000,4601.539911
339.202279,1000,4604.554873
358.651482,1000,4607.507554
341.177918,1000,4610.53335
267.820921,1000,4613.482603
343.153335,1000,4616.590432
428.605429,1000,4619.493559
257.537818,1000,4622.556757
408.727465,1000,4625.455303
365.990251,1000,4628.515304
226.718191,1000,4631.454561
255.611092,1000,4634.519927
369.506541,1000,4637.4255
291.880173,720,4639.619761
479.131063,1000,4642.538271
335.616348,797,4644.987015
205.957619,1000,4647.983244
434.971436,1000,4650.934286
185.386212,1000,4654.032988
508.338097,1000,4656.878405
334.943342,1000,4659.971039
207.743901,458,4661.32174
546.352304,1000,4664.349862
423.640828,1000,4667.270056
406.445692,1000,4670.352317
225.147212,1000,4673.338708
462.464572,1000,4676.392903
384.791154,1000,4679.339454
456.118472,1000,4682.365203
353.466844,1000,4685.319278
433.328633,1000,4688.335937
396.809983,1000,4691.235062
497.545387,1000,4694.193092
375.601683,1000,4697.134362
366.005277,1000,4700.159126
190.14744,1000,4703.135214
361.672386,1000,4705.99746
369.306162,1000,4709.00205
412.271902,1000,4711.951685
333.097916,1000,4715.025429
251.798105,1000,4718.3064
288.434676,1000,4721.268264
518.447124,1000,4724.489669
330.931482,1000,4727.665625
398.523413,1000,4730.567966
445.665647,1000,4733.567682
527.618572,1000,4736.462951
426.236704,1000,4739.412444
425.645141,779,4741.755303
381.310973,1000,4744.845616
514.909056,1000,4747.748998
488.383009,1000,4750.731065
467.145621,1000,4753.632686
275.930088,1000,4756.668709
332.14644,1000,4759.672787
492.924925,1000,4762.691095
522.496171,1000,4765.587486
489.80362,1000,4768.54969
466.904195,1000,4771.470481
126.627543,238,4772.166144
508.618296,1000,4775.209023
546.899537,1000,4778.065178
367.08642,694,4780.160972
549.437691,1000,4783.064068
338.823839,611,4784.853676
526.345685,1000,4787.904826
258.134423,526,4789.468076
479.019164,1000,4792.460075
430.018664,827,4794.918795
466.709721,1000,4797.835332
515.874134,1000,4800.797687
527.857322,1000,4803.651047
502.72506,1000,4806.62964
464.296228,1000,4809.53112
498.217778,1000,4812.588381
433.718612,1000,4815.497746
477.563776,1000,4818.548268
501.766466,1000,4821.457681
519.760172,1000,4824.494905
515.965634,1000,4827.365318
533.669349,1000,4830.251209
558.168456,1000,4832.517668
474.402852,1000,4834.858352
514.588505,1000,4837.058105
509.682048,1000,4839.603992
467.024583,1000,4842.867455
500.05236,1000,4846.34394
457.631522,1000,4849.554796
498.128986,1000,4852.829563
514.812468,1000,4855.952699
460.782457,1000,4859.231948
506.714979,1000,4862.275907
502.152925,1000,4865.263729
465.004659,1000,4868.204124
454.353971,1000,4871.194865
508.65921,1000,4874.076146
507.555667,1000,4877.043784
480.839717,1000,4879.918458
497.970166,1000,4882.925779
471.905595,1000,4885.816149
611.790757,1000,4888.791183
517.951174,1000,4891.733749
529.831017,1000,4894.761851
500.831884,1000,4897.692844
559.559567,1000,4900.631668
569.011453,1000,4903.541466
449.078227,1000,4906.487522
486.377362,1000,4909.377248
571.270824,1000,4912.328369
561.951478,1000,4915.183637
558.878894,1000,4918.061224
533.717874,1000,4921.083123
428.668754,1000,4923.94841
460.758582,1000,4926.980989
526.253451,1000,4929.840434
564.501447,1000,4932.801814
508.638516,1000,4935.671666
459.182971,1000,4938.640908
487.330393,1000,4941.506154
502.534897,1000,4944.51203
501.664546,1000,4947.339253
506.172041,1000,4950.297406
595.915371,1000,4953.160957
467.555757,1000,4956.130817
523.563659,1000,4958.983004
486.519826,1000,4961.969912
532.446244,1000,4964.848986
590.050243,1000,4967.838266
548.904233,1000,4970.696215
354.827669,1000,4973.691276
465.31185,1000,4976.5784
501.507327,1000,4979.576603
504.551333,1000,4982.475123
365.082968,1000,4985.537581
503.353247,1000,4988.429509
421.597687,1000,4991.459325
470.90467,1000,4994.321107
242.198147,1000,4997.342321
447.344961,1000,5000.302229
412.636322,1000,5003.347778
420.222581,1000,5006.287252
442.88616,1000,5009.256266
435.977959,1000,5012.131063
437.5644,1000,5015.158132
422.652558,1000,5018.06009
476.666444,1000,5021.057768
517.500225,1000,5023.931153
519.917895,1000,5026.886484
396.414258,1000,5029.845802
464.326588,1000,5032.846317
475.088903,1000,5035.761555
464.93055,1000,5038.813202
540.122131,1000,5041.728061
443.375731,1000,5044.596063
452.037702,1000,5047.510857
446.60817,1000,5050.471813
236.31925,471,5051.972718
550.227423,1000,5054.82949
428.961112,1000,5057.843685
484.482082,1000,5060.7518
512.53944,1000,5063.726134
377.501341,1000,5066.670186
581.977068,1000,5069.65074
506.839214,1000,5072.515851
465.260214,1000,5075.491749
609.662914,1000,5078.315325
591.174345,1000,5081.301209
428.702336,1000,5084.30392
418.247062,1000,5087.596367
419.194486,1000,5090.78463
465.385965,1000,5094.128368
442.23775,1000,5097.355487
501.374804,1000,5100.589504
439.028516,1000,5103.653526
583.493987,1000,5106.857467
551.750955,1000,5110.11301
476.152076,1000,5113.191457
447.162022,1000,5116.510037
481.628911,1000,5119.742902
465.095484,1000,5123.04206
447.583317,1000,5126.183811
440.739526,1000,5128.716884
453.127428,1000,5131.783067
507.225729,1000,5134.448686
486.059992,1000,5137.158384
481.083607,1000,5140.51248
422.762372,1000,5143.779439
397.340913,1000,5147.071432
435.939661,1000,5150.124976
415.176974,1000,5153.333621
420.050764,1000,5156.33408
534.500569,1000,5159.342735
503.475757,1000,5162.216692
283.099026,1000,5165.272498
408.707793,1000,5168.395526
415.708345,1000,5171.69166
350.160634,1000,5174.867216
543.598733,1000,5177.856308
430.610815,1000,5180.930739
503.089545,1000,5184.267809
444.06491,1000,5187.434619
322.449508,1000,5190.916002
427.874073,1000,5194.115683
599.233351,1000,5197.620129
444.781892,1000,5200.767264
346.649945,1000,5204.365196
488.216415,1000,5207.61318
581.252657,1000,5210.82154
429.25391,1000,5214.063047
505.579576,1000,5217.260253
426.16927,1000,5220.52602
254.669343,1000,5223.818417
466.653574,1000,5227.029755
338.083045,1000,5230.350624
344.211014,1000,5233.356861
430.247656,1000,5236.240398
262.311227,1000,5239.320502
502.029537,1000,5242.220105
551.154565,1000,5245.210558
558.95253,1000,5248.053787
543.331109,1000,5251.095876
475.539559,1000,5253.960361
493.506492,1000,5257.018
461.434021,1000,5259.893917
382.609862,1000,5262.92956
585.286162,1000,5265.80586
472.905319,1000,5268.839702
525.754037,1000,5271.736618
542.847489,1000,5274.802788
420.801519,1000,5277.671059
458.771793,1000,5281.153591
153.125328,328,5282.149944
477.340977,1000,5285.363171
570.829337,1000,5288.698915
581.7484,1000,5291.988069
490.990797,1000,5295.24764
426.937982,1000,5298.376317
464.402738,1000,5301.631334
490.554908,1000,5304.743675
461.701942,1000,5308.072991
477.604296,1000,5311.264509
500.260474,1000,5314.509998
456.815726,1000,5317.714072
470.808026,1000,5321.064484
417.828084,830,5323.85959
470.789761,1000,5327.029535
462.767261,1000,5329.912579
503.996502,1000,5332.924395
476.896814,1000,5335.864004
340.884383,679,5337.886793
516.393474,1000,5340.793041
494.906223,1000,5343.80505
537.03796,1000,5346.709915
476.306972,1000,5349.631486
471.952529,1000,5352.671664
560.6628,1000,5355.61021
347.831049,667,5357.667654
525.912196,1000,5360.645803
572.127458,1000,5363.691455
564.750891,1000,5366.563853
508.108718,1000,5369.546558
545.186814,1000,5372.443689
489.596701,1000,5375.430611
572.74058,1000,5378.32496
528.125231,1000,5381.429567
567.111399,1000,5384.334286
577.843461,1000,5387.420959
311.397505,617,5389.227124
563.36336,1000,5392.153379
465.803547,1000,5395.162321
559.688691,1000,5398.05676
536.397721,1000,5401.033891
561.187994,1000,5403.902049
469.767954,1000,5406.867286
464.984776,1000,5409.746126
502.003837,1000,5412.69236
491.990693,1000,5415.59687
473.995524,1000,5418.591697
476.676366,1000,5421.53836
434.507825,1000,5424.56745
461.803938,1000,5427.471923
449.913619,1000,5430.506131
552.717217,1000,5433.389498
429.644135,1000,5436.399901
480.640898,1000,5439.293925
488.27318,1000,5442.2868
472.022054,1000,5445.13234
466.513288,1000,5448.105668
469.28311,1000,5450.965702
441.849774,1000,5453.992936
535.47115,1000,5456.842525
392.589358,1000,5459.837265
473.679242,1000,5462.687745
407.574077,1000,5465.698911
486.123369,1000,5468.566738
547.136354,1000,5471.470083
588.819616,1000,5474.321509
